{
  "navigation": {
    "home": "الرئيسية",
    "features": "المميزات",
    "showcase": "معرض الأعمال",
    "contact": "اتصل بنا"
  },
  "hero": {
    "title": "ابنِ المستقبل مع تقنيات الويب الحديثة",
    "subtitle": "حوّل عملك مع حلولنا المتطورة المدعومة بـ Next.js وTypeScript وأحدث معايير الويب.",
    "ctaPrimary": "ابدأ الآن",
    "ctaSecondary": "تعلم المزيد",
    "users": "مستخدم سعيد",
    "downloads": "تنزيل",
    "stars": "نجوم GitHub"
  },
  "features": {
    "title": "لماذا تختار منصتنا",
    "subtitle": "اكتشف الميزات القوية التي تجعل حلنا مميزاً",
    "items": {
      "performance": {
        "title": "سريع كالبرق",
        "description": "مبني مع تقنيات حديثة لأداء استثنائي وتجربة مستخدم ممتازة."
      },
      "responsive": {
        "title": "متجاوب بالكامل",
        "description":يتأقلم بسلاسة مع جميع الأجهزة وأحجام الشاشات بتصميم يبدأ من الجوال."
      },
      "accessible": {
        "title": "سهل الوصول",
        "description": "متوافق مع معايير WCAG مع HTML دلالي وتسميات ARIA مناسبة لجميع المستخدمين."
      },
      "modern": {
        "title": "تكدس حديث",
        "description": "أحدث التقنيات بما في ذلك Next.js 15 وTypeScript وPandaCSS."
      },
      "international": {
        "title": "دولي",
        "description": "دعم كامل للغات متعددة مع لغات من اليمين لليسار وترجمة محتوى ديناميكية."
      },
      "optimized": {
        "title": "مُحسّن لمحركات البحث",
        "description": "ميزات SEO مدمجة مع إدارة البيانات الوصفية وتحسين الأداء."
      }
    }
  },
  "showcase": {
    "title": "قصص نجاحنا",
    "subtitle": "شاهد كيف تحولت الشركات مع حلولنا الحديثة",
    "projects": {
      "ecommerce": {
        "title": "منصة التجارة الإلكترونية",
        "description": "تجربة تسوق حديثة مع مخزون لحظي ودفع سلس."
      },
      "dashboard": {
        "title": "لوحة التحليلات",
        "description": "تصور شامل للبيانات مع رؤى وتقارير فورية."
      },
      "mobile": {
        "title": "تطبيق الجوال",
        "description": "تطبيق جوال متعدد المنصات بأداء أصلي."
      }
    }
  },
  "cta": {
    "title": "جاهز لتحويل عملك؟",
    "subtitle": "انضم إلى آلاف الشركات التي تستخدم منصتنا بالفعل",
    "button": "ابدأ رحلتك"
  },
  "contact": {
    "title": "تواصل معنا",
    "subtitle": "هل لديك مشروع في mind؟ دعنا نناقش كيف يمكننا المساعدة.",
    "form": {
      "name": "الاسم الكامل",
      "email": "عنوان البريد الإلكتروني",
      "message": "الرسالة",
      "submit": "إرسال الرسالة",
      "success": "تم إرسال الرسالة بنجاح!",
      "error": "فشل إرسال الرسالة. حاول مرة أخرى."
    }
  },
  "footer": {
    "copyright": "© 2024 صفحة الهبوط الحديثة. جميع الحقوق محفوظة.",
    "social": "تابعنا على وسائل التواصل الاجتماعي"
  }
}